param_set_id,n_sections,n_points,dB_abs_err_median,phi_abs_err_deg_median
9e63a3814a76,4,77,0.17514419555664062,2.5168075561523438
aa8df4d42097,4,76,0.211287498474114,3.5674729347229004
da24884f025e,4,69,0.2119140625,3.717623710632324
0a45904400e7,4,77,0.21222686767578125,2.767303466796875
d0949d0366fb,4,58,0.23546886444091975,3.7684166431427
b036b3cab1ef,4,75,0.23566436767578125,3.0849227905273438
4a8c05472065,4,74,0.2407360076904297,5.240190505981445
8710d35cee57,4,77,0.2752428054809588,6.3835906982421875
95629a2a2c21,4,77,0.2899017333984375,2.08355712890625
7b89419d9e05,4,77,0.2923393249511719,3.2142372131347656
2a229de38cdd,4,75,0.293304443359375,2.81695556640625
a69358585a9e,4,77,0.29402732849121094,2.8291397094726562
a47aead2eee5,4,75,0.305084228515625,2.7597503662109375
6231edf62276,4,72,0.30973434448241477,6.095462799072251
43f38a6e77a8,4,77,0.3147583007812642,1.6530036926269531
0c945ba73b4a,4,77,0.32242393493652344,2.3477425575256348
958ed8a795c2,4,65,0.3250102996826172,2.8337717056274414
c4351ffab5f1,4,68,0.33060646057128906,3.7370128631591797
2ca444fbe186,4,77,0.3361492156982422,3.8180274963378906
b6c8a7d96bdc,4,66,0.3494815826415998,3.5909347534179688
2f5a3ec2a534,4,77,0.351593017578125,1.69024658203125
89b986b091c6,4,74,0.3535728454589844,3.679490089416504
22a45ed8ffb0,4,77,0.35404968261719105,3.1499195098876953
ea389b291acb,4,71,0.3579864501953125,3.9217453002929688
b97f1240148a,4,77,0.3599224090576172,1.605630874633789
70cc70b5d209,4,77,0.3719940185546875,3.3728179931640625
e5593002d6ac,4,77,0.3777961730957031,2.6319580078125
f464591a3eac,4,74,0.384552001953125,6.6381330490112305
232b4c4abc31,4,77,0.39090156555176137,5.166591644287109
87430c4e204d,4,76,0.3924741744995117,1.652233600616455
997edc76e755,4,77,0.40250396728515625,1.7318477630615234
eeea6951d1c7,4,77,0.4046630859375,3.9788360595703125
1aff477c0f22,4,53,0.40876007080078125,3.0959091186523438
acd2094b4ab2,4,77,0.41326904296875,5.8651275634765625
0779b0b73e23,4,67,0.4144287109375,3.7212982177734375
a42ac4551f85,4,77,0.41635894775390625,4.0916900634765625
531af6e28596,4,67,0.4202756881713867,3.078786849975586
2f2d3672806a,4,77,0.4215240478515625,2.3151397705078125
16b4c3477435,4,77,0.4392585754394531,2.085784912109375
84b2f5533d5e,4,77,0.43947601318359375,1.4529294967651367
78c892a9b61b,4,59,0.43949890136718395,3.93267822265625
b95676d1762d,4,72,0.44260787963865766,1.827458381652832
ae7dd4a1deb2,4,68,0.44707298278808594,8.884500503540039
95c9f9162c0a,4,66,0.44928359985352007,4.651439666748047
bdaf7e613f67,4,59,0.4496612548828125,5.094535827636719
6fe16973c908,4,77,0.4534149169921875,3.7500152587890625
11d0b185253f,4,77,0.4558115005493164,4.4647603034973145
3246b4e7013c,4,77,0.4684295654296875,6.8056793212890625
948f7e0762a4,4,77,0.4696197509765625,4.796351253986359
6206071170bf,4,69,0.4716148376464844,8.1781005859375
835f316eb7d6,4,67,0.4753875732421875,5.25152587890625
9520af40811b,4,77,0.4773416519165039,2.0944385528564453
bb6d825439ca,4,72,0.4780130386352539,2.6900014877319336
a915c6795255,4,77,0.48065185546875,6.5892181396484375
09a9b4e35f82,4,74,0.48392534255981356,3.3193893432617188
43611ad2356c,4,77,0.48459434509277344,0.8959426879882812
7cff9b912142,4,77,0.4863014221191406,1.1503791809082031
7ab54bff49fa,4,74,0.48730695247650146,2.4001312255859375
76efa591eef4,4,76,0.49024105072021484,3.5038347244262695
b8da8ca8ec55,4,77,0.494110107421875,3.160125732421875
ac6bffccbe22,4,77,0.4993133544921875,4.3267669677734375
ca95a08fdca6,4,77,0.5012664794921875,0.8559441566467285
4e040c781a3e,4,77,0.50311279296875,2.74517822265625
85927ed68e3a,4,77,0.5036067962646502,2.7742156982421875
74bb1f9101e3,4,73,0.5080318450927734,3.8751220703125
52a9285519ba,4,75,0.5080757141113281,4.573902130126953
aba8262d8a69,4,77,0.508331298828125,2.585209846496582
3f47dea7caee,4,77,0.5100336074829102,1.7187957763671875
994e4f3627c5,4,68,0.5122489929199148,3.382732391357422
50b2ca67b926,4,77,0.5140113830566406,4.854644775390625
cdf7e662b04f,4,77,0.5189847946166992,2.20172119140625
ab7f9d8fad77,4,77,0.521207809448244,2.1697998046875
5ab5cb79580e,4,77,0.5227470397949148,1.6244149208068848
a772357f6274,4,77,0.522918701171875,1.629852294921875
610b952f6c83,4,77,0.5253753662109375,2.0808563232421875
b897ecbd9c4e,4,77,0.5289793014526367,3.2771387100219727
8de02978032b,4,77,0.5292892456054688,2.8280029296875
042a52de360b,4,77,0.5294685363769496,3.8119354248046875
b1ef6f3f169f,4,72,0.5307006835937536,10.984094619750977
f18d44701dab,4,77,0.5310859680175817,1.7739028930664062
4d11d5d3ac89,4,77,0.5396385192871094,3.07403564453125
0aa365a03d96,4,77,0.54058837890625,3.6279735565185547
de4e6f7027cd,4,58,0.5415487289428782,2.4426956176757812
31873f55c168,4,77,0.5429878234863281,3.363433837890625
9a754011c867,4,77,0.5432338714599645,2.37164306640625
cffadc1344f6,4,76,0.5446701049804688,3.486758232116699
4a2a07108f72,4,77,0.54608154296875,4.8436737060546875
4af0b16eedc8,4,49,0.5462646484374929,2.280353546142578
49185efc9cdc,4,73,0.5479965209960938,3.3994903564453125
8e4ba066ed31,4,77,0.5502090454101562,1.7888755798339844
4e88989142fe,4,67,0.5512466430664062,3.984527587890625
581bad65a122,4,77,0.551605224609375,3.5630645751953125
473dc2eba3b5,4,77,0.5527133941650355,2.3128185272216797
5d2ceecc1bde,4,77,0.5527496337890625,1.6559219360351562
b52dc7c06a7b,4,77,0.55389404296875,3.3958740234375
0e3c221ea526,4,77,0.55633544921875,3.0446109771728516
64cad6adc3e3,4,77,0.5567703247070312,1.51568603515625
7fccdabf856d,4,77,0.560333251953125,2.221734046936035
137af4845ca5,4,51,0.5614223480224574,2.8970947265625
8f5eb73ba432,4,73,0.562255859375,8.88918685913086
a6db6effa405,4,77,0.5625909566879272,4.640594482421875
1811848df88f,4,77,0.5719900131225586,2.7220916748046875
e1ee3aaa2202,4,77,0.5738353729248047,2.9621810913085938
fdb1f95222b2,4,60,0.580168724060055,2.340254783630371
136f8a42d5ce,4,77,0.583648681640625,1.548828125
6ea0ddb8a4a9,4,77,0.5856733322143555,1.7433595657348633
80116a155c94,4,61,0.58648681640625,4.597644805908203
a5031ced5f26,4,77,0.5887985229492472,4.602939605712891
43969ed06e16,4,72,0.5950198173522958,5.26146125793457
e8dd1d93b9c1,4,72,0.5957918167114258,4.014801979064941
6ad8567a0815,4,54,0.5960855484008789,5.0161590576171875
ec64c52938d5,4,77,0.5981540679931641,4.6367950439453125
c71be4a5ec9f,4,77,0.6037311553955078,3.2442359924316406
7d08d8c25b72,4,76,0.603830337524407,3.1181716918945312
6db406c2a9fe,4,77,0.604736328125,3.9440650939941406
b7875bc5c231,4,75,0.604927062988267,2.350921630859375
633c443d769e,4,77,0.607635498046875,2.139702796936035
8ec553b27311,4,77,0.6076841354370135,4.612846374511719
ed9fbb80cfdc,4,77,0.6080169677734375,2.2220611572265625
233060fdf35f,4,74,0.6104631423950195,4.802900314331055
238ff47c1ff7,4,77,0.611572265625,2.0228769779205322
5b30b5f61dc8,4,77,0.620628356933608,2.0140514373779297
b674d5f02dee,4,77,0.6209239959716797,5.067999601364136
fafe92264341,4,70,0.6217374801635751,2.819991111755371
e2d53bf988ab,4,77,0.6237068176269567,3.8992382287979126
ec2058726bbb,4,77,0.6237716674804688,2.6331939697265625
7d195aac4300,4,77,0.6274871826171875,3.8101577758789062
6632bc120b3f,4,77,0.6279754638671875,5.38671875
14320460efb1,4,71,0.6280632019042969,1.4407196044921875
ea855bdd3c3c,4,77,0.6284370422363281,3.6790313720703125
f4bbdafdc81c,4,77,0.630387544631958,1.4508781433105469
07cfea02fc26,4,60,0.6327762603759766,6.800616264343262
8b4e654f66c7,4,77,0.6331558227539062,1.764190673828125
f2ed68432a93,4,77,0.6333293914794922,2.5452423095703125
02e753cb1a7c,4,77,0.6335058212280256,5.1765594482421875
082d0ed79aa1,4,73,0.6335595846176147,1.4487922191619873
347fc79f2ff7,4,77,0.6336135864257812,2.395172119140625
dac3567ad7d2,4,77,0.6386699676513672,1.772552490234375
d58fb628810b,4,71,0.6453266143798828,6.4727707505226135
995b534bec48,4,77,0.6467208862304688,2.249545097351074
b5c8dfaf1ef5,4,67,0.6485557556152344,9.657150268554688
8f004730294c,4,77,0.6495609283447266,1.83123779296875
16f4bf1c11cd,4,76,0.650719165802002,2.4025306701660156
2baf79d76c88,4,65,0.6543960571289205,2.7514514923095703
97a69e221e96,4,77,0.6564140319824254,1.999755859375
09ace903cf6b,4,77,0.656682014465332,2.4295272827148438
7031b728a88b,4,73,0.6585640907287598,2.6605606079101562
a9dfdb361a09,4,77,0.6610603332519531,3.0564632415771484
b4de83a09aed,4,77,0.6613082885742223,2.101469039916992
45bfbdbf169c,4,77,0.6654510498046875,5.5186309814453125
2e1ec957e54c,4,76,0.6656837463378897,4.353154182434082
fa1bd291f4b2,4,77,0.6657180786132812,2.5521087646484375
905d5413e917,4,77,0.6695327758789062,1.2128355503082275
86553c8c86d7,4,73,0.6710500717163068,1.2333698272705078
f880c391b198,4,72,0.6753835678100533,1.2078914642333984
f484bca25efe,4,66,0.6793489456176758,7.2888336181640625
637cafb677d2,4,77,0.6798467636108398,3.358306884765625
80a0d1929eee,4,77,0.6819915771484375,2.300323486328125
14c42c66eeed,4,77,0.6820850372314453,1.9674968719482422
abf3d059e20c,4,77,0.6829156875610352,1.4650001525878906
da19aaa627ea,4,77,0.6832613945007324,1.8130097389221191
a95ab4f3552e,4,77,0.68450927734375,1.271087646484375
dcd0ce7e3e44,4,77,0.6867198944091797,2.0246658325195312
f918bd361633,4,77,0.6896667480468892,3.213080406188965
712e945b8cb8,4,72,0.6924018859863281,4.609642028808594
615b9968fc18,4,77,0.6928443908691335,1.9770708084106445
8f5ef47cb564,4,70,0.6983375549316406,5.383472442626953
6e5e1130702e,4,77,0.6999759674072266,1.415191650390625
3654e88d8c96,4,77,0.7008323669433594,2.6506195068359375
b3d35b074f5c,4,77,0.7011871337890483,1.5223274230957031
fa1d2019ffcc,4,77,0.703094482421875,2.0249786376953125
32043e5b3920,4,77,0.7041358947753906,1.271087646484375
9e63f785f556,4,66,0.7051773071289062,7.662435531616197
8b0aac44a1da,4,76,0.7052478790283345,3.8334364891052246
55b5580721f5,4,77,0.7060489654541051,3.741360664367676
5d592a504ec4,4,77,0.7096014022827148,3.2823362350463867
00c74367f607,4,66,0.7183778882026673,4.1009979248046875
eb2617c22219,4,77,0.7197065353393555,3.2516021728515625
101f38af6985,4,75,0.7220931053161621,3.620781183242798
e19904f0304f,4,74,0.7231521606445312,1.3902053833007812
78d76893a68c,4,77,0.724517822265625,4.538158416748047
183a35bdffd7,4,77,0.7284963130950932,3.4752960205078125
f815ac5f8bf5,4,77,0.7317461967468262,2.559295654296875
22339c660189,4,77,0.7385783195495605,2.2830810546875
9bfc1704a9ac,4,77,0.7405719757080114,4.5381622314453125
537305c3949f,4,77,0.74094557762146,3.6700897216796875
06c33125c357,4,77,0.7413845062255824,1.7481842041015625
00aaeb0418e2,4,77,0.7447738647460938,7.138067245483398
cf270bbeac6b,4,77,0.7449111938476562,3.1228713989257812
b7c5bf01ecd2,4,75,0.7455825805664062,3.4347686767578125
ac71e6c6c66d,4,57,0.74658203125,4.3783698081970215
71d8ae1c09de,4,77,0.7470908164978027,3.1797103881835938
267ddc7d51fb,4,69,0.7474899291992188,3.1583404541015625
2c4016b2adab,4,77,0.7536615133285522,2.0717315673828125
27738cef7a7a,4,77,0.7552146911621023,2.9833984375
16f53d2e28ca,4,54,0.7592983245849627,8.298094630241394
2bee8bd95579,4,77,0.7643089294433629,4.496974945068359
c781287700c4,4,77,0.7649383544921875,2.2967605590820312
233fec6dab4c,4,77,0.7663345336914062,2.227203369140625
3a94912ca625,4,77,0.7690925598144531,2.6875762939453125
3671239b0947,4,71,0.7783584594726562,4.163360595703125
342ea6405112,4,58,0.7794418334960938,8.612640380859375
e38fdea51dc6,4,77,0.7819240093231199,2.4608306884765625
98f9025b7bd0,4,77,0.7841112613677979,2.0131988525390625
897aa2ffa8c4,4,77,0.7856483459472656,4.217781066894531
7bfa9a5f0188,4,77,0.7859420776367188,3.7723541259765625
f794a965adb8,4,74,0.787043035030365,2.8154544830322266
f6351941ed56,4,74,0.7870826721191388,8.44033432006836
87244eb74502,4,77,0.7894363403320312,2.6963729858398438
7b3050a89782,4,77,0.789637565612793,3.8372802734375
ec3b670e3317,4,77,0.7910251617431641,3.9449615478515625
fd1f3bb2d027,4,77,0.7914097309112549,2.449932098388672
ad87b9720cb5,4,77,0.7940139770507848,2.446357727050753
56f7dc501ff7,4,77,0.798614501953125,3.6564178466796875
3473a0c31cef,4,64,0.8001267910003662,4.1277512311935425
42cfb92d5896,4,75,0.8025722503662109,1.3762454986572266
3a9df9de7fec,4,77,0.8088188171386719,4.3756256103515625
521f8cf70eb5,4,77,0.8104133605957049,2.4545745849609375
be48713c48dd,4,54,0.8111782073974609,3.9697731733322144
892326955d42,4,77,0.8138580322265625,1.331808090209961
735843f91e72,4,77,0.8166046142578125,1.7670135498046875
2d3330778b74,4,77,0.8172798156738281,5.471939086914034
3583de73bad8,4,77,0.8196098804473877,2.4297332763671875
5248753ca6cb,4,77,0.8252103328704834,1.7107772827148438
9d0b824e0310,4,77,0.8260250091552734,1.5170001983642578
953071a988d1,4,77,0.8263015747070312,3.797943115234375
be029a03fa8e,4,77,0.8265393972396851,2.731142044067383
6da3b5afec89,4,77,0.826813340187073,5.060237884521484
a6bedfda8aef,4,77,0.82696533203125,2.6791534423828125
9763c17cc20e,4,77,0.8278045654296875,1.024444580078125
35db85dcb31d,4,71,0.8280487060546875,1.5386466979980469
c50fc3d7c749,4,77,0.8281526565551758,3.0904159545898438
319b758b23a6,4,77,0.8310756683349645,1.8560791015625
b0090a373b48,4,76,0.8324470520019531,4.973733901977539
d1f4bfa72edb,4,77,0.840576171875,1.0182666778564453
b98e50870012,4,76,0.8462829589843679,8.692092895507812
5ee9d57028ad,4,77,0.8510651588439941,3.1312103271484375
9862725273d3,4,77,0.855966329574585,1.9007568359375
155cd369f7b7,4,77,0.8589606285095215,2.6871185302734375
6ecf5df12a60,4,74,0.8606209754943848,3.3296470642089844
e7e9c18417d5,4,77,0.8608989715576172,1.50439453125
b4752e25ba8c,4,77,0.8638763427734375,1.0518798828125
2faccff74826,4,77,0.8642578125,1.8187408447265625
37a24d818ebc,4,72,0.8655319213867188,1.7967405319213867
65f505b090ed,4,77,0.8657264709472656,3.490769386291504
31029c676257,4,77,0.8663947582244873,2.65590500831604
b3712c41d0af,4,77,0.86758279800415,1.9366073608398438
bcd43b823ff8,4,77,0.8685973882675169,1.6160554885864258
5ac56bfad28d,4,77,0.871758222579956,1.6168460845947266
7338c3f6d1eb,4,77,0.8738307952880859,1.96661376953125
27f59b9e5b18,4,77,0.8786029815673828,2.1780853271484375
8bef2cb4d06e,4,77,0.8799875974655151,1.191056251525879
1d9d1e3f61c7,4,77,0.8860232830047607,6.1765899658203125
922509e7bd47,4,77,0.886383056640625,1.4482879638671875
89d2104e7289,4,77,0.8881759643554688,1.8022079467773438
ca7e4e110a84,4,76,0.8889561295509338,0.8614184856414795
f1a9dd27d560,4,77,0.8941726684570455,3.8550338745117188
225941aaab3c,4,60,0.89483642578125,13.073062896728516
b6e599d717ec,4,77,0.8990726470947266,3.386284112930298
2e065ae73ba6,4,77,0.9003295898437358,2.7055206298828125
8e330914d276,4,77,0.9012811183929443,5.34710693359375
82b6ddaed4a7,4,77,0.9022464752197266,1.93975830078125
4acaccfb474b,4,77,0.9032657146453853,2.0308074951171875
4efa9439214e,4,77,0.9113395810127258,1.6362762451171875
4b9b16b5d2e2,4,77,0.9120254516601562,1.3088874816894531
01a92fe7beac,4,77,0.9138715267181396,2.5871734619140625
1f40084ea8ac,4,77,0.9159539043903351,5.209630966186523
b8641b765e90,4,71,0.9187545776367188,3.293933868408203
51ce727dcb58,4,77,0.9222564697265625,3.928985595703125
ebbc2f4b5823,4,77,0.9234237670898438,2.313323974609375
a469cd1fbc6c,4,77,0.9245662689208984,7.263059616088867
b55c271b0ab4,4,76,0.9302042126655579,2.882566452026367
83d3c5d3f166,4,77,0.931292712688446,1.936248779296875
08d09e21eeff,4,77,0.9320526123046875,4.5914764404296875
aa14c59817aa,4,72,0.9330736398696915,4.85568106174469
4a5b021ff2be,4,77,0.9419040679931641,5.5834197998046875
88aa31c783b5,4,70,0.9464187622070312,4.021340847015381
0fb312ccfd39,4,76,0.9516839981079102,5.778175354003906
82cb817c0b52,4,61,0.9517211914062571,9.340011596679688
88f51206440f,4,77,0.9521446228027344,2.275054931640625
8b03b6ae11e6,4,77,0.9522795677185059,2.1927390098571777
dc60b635f0c7,4,77,0.9534106254577632,1.4170217514038086
ff570d3c7db8,4,54,0.9548196792602557,3.945230722427368
736f8beec741,4,77,0.9572670459747317,2.4189300537109375
7d48fd5742de,4,77,0.9617156982421875,4.542552351951599
b2137d405443,4,77,0.9638824462890625,3.8183751106262207
6aed8740407b,4,73,0.9807184934616089,1.6957015991210938
ab1c03476c02,4,76,0.9834146499633789,0.8193931579589844
4d94c4a5441f,4,77,0.9841918945312216,4.291961669921875
d0d71b9e770a,4,77,0.9857187271118164,0.8737640380859375
24165e113523,4,69,0.986863374710083,2.6173133850097656
7e30afc99729,4,77,0.9928131103515625,1.192657470703125
49792c383c69,4,77,0.9974288940429688,1.7213859558105469
d8182e48dcb7,4,77,0.9976806640624929,5.642669677734375
4be3dba64909,4,77,0.9990043640136719,2.796911835670471
e6536bc288b8,4,77,1.0023505687713623,1.6013717651367188
55607ccd12dd,4,77,1.007232666015625,1.8730125427246094
6be772b83831,4,77,1.0142745971679688,4.454872131347656
96f86ec1ef78,4,77,1.0167083740234375,1.52606201171875
aa86f0e2d3fc,4,65,1.0196380615234375,9.727928161621094
ab032e6770ce,4,77,1.0272216796875,2.1068954467773153
614208e3a03b,4,77,1.0278568267822301,4.7647247314453125
362342dcfebf,4,77,1.0419635772705078,2.5548477172851562
2d8fef4e8860,4,77,1.0459394454956055,3.6466522216796875
322be0218d05,4,77,1.0474357604980469,5.77505898475647
559b2577f9eb,4,77,1.0501747131347656,3.2012200355529785
f43ccc44675c,4,77,1.0509928464889526,4.7893829345703125
8a25c1751fdd,4,77,1.0511970520019531,2.718170166015625
135f94f63500,4,77,1.05485337972641,2.6549530029296875
f6613a3b4017,4,77,1.057823896408081,3.753276824951172
b73a94c44349,4,77,1.0593960285186768,1.6874618530273722
585a5034e3ae,4,77,1.0653190612792969,2.1685943603515625
8d2adb2cc7b1,4,77,1.0660333633422834,7.132584571838379
520ba0fb54ef,4,77,1.0682097673416138,1.4519195556640625
e89aa13ca591,4,60,1.0691661834716797,10.476811408996582
0282353cfd46,4,77,1.0731410980224627,2.389312744140625
ac37bfe79bb2,4,59,1.0743598937988281,3.5578842163085938
1dcad4c1af19,4,77,1.0806503295898438,3.1852874755859375
8a32ce70d6a0,4,77,1.0808468461036682,6.988319396972656
65bc037a971b,4,73,1.0826177597045898,7.139411926269531
3bef7539af86,4,77,1.08294677734375,8.645051956176758
d783cc4a3926,4,77,1.0832881927490234,2.88470458984375
5e9e6596559a,4,77,1.0835938453674316,0.5381317138671875
0de8069f8f97,4,77,1.0841464996337855,1.40643310546875
c0a25d43113d,4,77,1.0861754417419438,2.6958465576171875
4141e0ea0249,4,77,1.0940093994140625,3.2423782348632812
528d25b666fd,4,77,1.0955448150634766,2.0488815307617188
a98ab78c25c9,4,66,1.1006479263305629,8.418599128723145
6b146572f6a1,4,77,1.1015467643737793,1.654022216796875
32770735086f,4,77,1.1062297224998474,2.955264091491699
936ab1a28086,4,77,1.1079254150390625,7.701417922973633
65a11694bb36,4,77,1.1086455583572388,2.891998291015625
83bbe185b433,4,77,1.109626770019517,3.779088020324707
eef66f2324d3,4,66,1.113958358764651,4.0451202392578125
9405bde06ac3,4,77,1.1184692382812464,5.1467742919921875
0ea4a239c727,4,75,1.1248550415039062,3.028961181640625
d45f7bc55e21,4,77,1.126556396484375,3.1767406463623047
51aa7162dff0,4,72,1.1281452029943475,2.835888624191284
fa076596f889,4,77,1.1295738220214808,6.971275329589844
d8b76a70a5bc,4,77,1.1360912322998082,1.0062828063964844
aa8f2bc7d1d4,4,77,1.1378219723701475,2.3357508182525635
106f89f3f817,4,77,1.1435185670852661,4.924533843994141
79a84a84193c,4,77,1.1505993008613586,1.93988037109375
fe828478c783,4,77,1.1709823608398438,2.707427978515625
922a84c19711,4,77,1.1791279315948486,2.5392303466796875
7c6ec7993c7f,4,77,1.1880185008049011,3.2466506958007812
933f64e2705c,4,76,1.1900047063827497,4.586002349853516
478e1a4c73fc,4,77,1.193138301372528,2.0949935913085938
d3bb53ce0348,4,77,1.195906162261963,4.310173034667969
c80396da0cef,4,77,1.2010326385498045,6.584423065185547
e460306d6156,4,74,1.2017024755477905,2.8381881713867188
3eb8c98e22fc,4,77,1.2045701742172241,6.20794677734375
79aacdf84b92,4,77,1.2049140930175781,3.4446592330932617
10e762cbd04a,4,77,1.211174011230483,6.386161804199219
7704cffbb242,4,77,1.2363935708999632,3.4457626342773438
0fa28cc81ad4,4,77,1.2420306503772736,6.477264404296875
a87d886d6cfe,4,76,1.2485713958740288,9.223843097686768
dc5646a74ba3,4,77,1.2780914306640625,3.1906352043151855
5864f22a1368,4,77,1.28564453125,7.0662994384765625
7de889da6a35,4,77,1.291583988815546,3.1474342346191406
2a11dc913b01,4,77,1.2973130941390991,2.582977294921875
99e85c9808e6,4,77,1.297933578491211,2.692586898803711
6d007f41335c,4,73,1.3114509582519531,1.9833831787109375
68400dac1985,4,77,1.3126831054688068,9.402816772460938
00d32ec249b7,4,77,1.317840576171875,3.3127365112304688
54ae66f63e7b,4,73,1.3267784118652344,3.1675033569335938
fd69abfec786,4,77,1.3352112770080566,5.044242858886719
0ad5970735d9,4,77,1.3423080444335938,6.674501419067383
7c04285cdb64,4,77,1.4038772583007812,7.336082458496094
c8397a6c8565,4,72,1.4087543487548828,9.061366081237793
08366284c928,4,77,1.4368095397949183,5.5864715576171875
f5e0dc3be5d8,4,77,1.4467206597328186,6.112274169921875
2307412f414f,4,77,1.4588818550109863,2.2117767333984375
073e816bb3e4,4,77,1.5134773254394531,1.3011093139648438
a51486c262c4,4,77,1.5163412094116193,3.242950439453125
553c4e5af3b6,4,58,1.5590333938598722,6.669476747512817
195b9c8f716f,4,72,1.5954627990722656,7.393677711486816
b998a1b77bd7,4,77,1.5974769592285156,5.679534912109375
d6bb1515c97f,4,77,1.6524810791015625,2.793731689453125
e301c2993a0d,4,77,1.6980972290039062,10.696160316467285
c7adf5b8d1d6,4,77,1.7418155670166016,2.284071922302246
623a42ef7545,4,72,1.9209189414978027,7.489661693572998
ed9df675c8f7,4,65,2.0033531188964844,11.03972053527832
65bafebbc9ff,4,68,2.5028867721557617,4.231010437011719
